Province/State,Country/Region,Lat,Long,07-08-2020,07-09-2020,07-10-2020,07-11-2020,07-12-2020,7/13/20,7/14/20,7/15/20,7/16/20,7/17/20,7/18/20,7/19/20,7/20/20,7/21/20,7/22/20,7/23/20,7/24/20,7/25/20,7/26/20,7/27/20,7/28/20,7/29/20,7/30/20,7/31/20,08-01-2020,08-02-2020,08-03-2020,08-04-2020,08-05-2020,08-06-2020,08-07-2020,08-08-2020,08-09-2020,08-10-2020,08-11-2020,08-12-2020,8/13/20,8/14/20,8/15/20,8/16/20,8/17/20,8/18/20,8/19/20,8/20/20,8/21/20,8/22/20,8/23/20,8/24/20,8/25/20,8/26/20,8/27/20,8/28/20,8/29/20
,Afghanistan,33.93911,67.709953,33594,33908,34194,34366,34451,34455,34740,34994,35070,35229,35301,35475,35526,35615,35727,35928,35981,36036,36157,36263,36368,36471,36542,36675,36710,36710,36747,36782,36829,36896,37015,37054,37054,37162,37269,37345,37424,37431,37551,37596,37599,37599,37599,37856,37894,37953,37999,38054,38070,38113,38129,38140,38143
,Albania,41.1533,20.1683,3106,3188,3278,3371,3454,3571,3667,3752,3851,3906,4008,4090,4171,4290,4358,4466,4570,4637,4763,4880,4997,5105,5197,5276,5396,5519,5620,5750,5889,6016,6151,6275,6411,6536,6676,6817,6971,7117,7260,7380,7499,7654,7812,7967,8119,8275,8427,8605,8759,8927,9083,9195,9279
,Algeria,28.0339,1.6596,17348,17808,18242,18712,19195,19689,20216,20770,21355,21948,22549,23084,23691,24278,24872,25484,26159,26764,27357,27973,28615,29229,29831,30394,30950,31465,31972,32504,33055,33626,34155,34693,35160,35712,36204,36699,37187,37664,38133,38583,39025,39444,39847,40258,40667,41068,41460,41858,42228,42619,43016,43403,43781
,Andorra,42.5063,1.5218,855,855,855,855,855,858,861,862,877,880,880,880,884,884,889,889,897,897,897,907,907,918,922,925,925,925,937,939,939,944,955,955,955,963,963,977,981,989,989,989,1005,1005,1024,1024,1045,1045,1045,1060,1060,1098,1098,1124,1124
,Angola,-11.2027,17.8739,386,396,458,462,506,525,541,576,607,638,687,705,749,779,812,851,880,916,932,950,1000,1078,1109,1148,1164,1199,1280,1344,1395,1483,1538,1572,1672,1679,1735,1762,1815,1852,1879,1906,1935,1966,2015,2044,2068,2134,2171,2222,2283,2332,2415,2471,2551
,Antigua and Barbuda,17.0608,-61.7964,70,73,74,74,74,74,74,74,74,76,76,76,76,76,76,76,82,82,82,86,86,91,91,91,91,91,92,92,92,92,92,92,92,92,92,92,92,93,93,93,93,93,94,94,94,94,94,94,94,94,94,94,94
,Argentina,-38.4161,-63.6167,87030,90693,94060,97509,100166,103265,106910,111146,114783,119301,122524,126755,130774,136118,141900,148027,153520,158334,162526,167416,173355,178996,185373,191302,196543,201919,206743,213535,220682,228195,235677,241811,246499,253868,260911,268574,276072,282437,289100,294569,299126,305966,312659,320884,329043,336802,342154,350867,359638,370188,380292,392009,401239
,Armenia,40.0691,45.0382,29820,30346,30903,31392,31969,32151,32490,33005,33559,34001,34462,34877,34981,35254,35693,36162,36613,36996,37317,37390,37629,37937,38196,38550,38841,39050,39102,39298,39586,39819,39985,40185,40410,40433,40593,40794,41023,41299,41495,41663,41701,41846,42056,42319,42477,42616,42792,42825,42936,43067,43270,43451,43626
Australian Capital Territory,Australia,-35.4735,149.0124,112,113,113,113,113,113,113,113,113,113,113,113,113,113,113,113,113,113,113,113,113,113,113,113,113,113,113,113,113,113,113,113,113,113,113,113,113,113,113,113,113,113,113,113,113,113,113,113,113,113,113,113,113
New South Wales,Australia,-33.8688,151.2093,3453,3467,3474,3478,3492,3505,3517,3527,3535,3550,3568,3588,3599,3614,3633,3640,3654,3668,3685,3699,3718,3736,3756,3773,3784,3797,3809,3820,3832,3842,3851,3861,3875,3897,3915,3927,3936,3945,3950,3957,3959,3966,3971,3972,3981,3985,3988,3991,3997,4006,4019,4033,4040
Northern Territory,Australia,-12.4634,130.8456,30,31,31,31,31,31,31,31,31,31,31,31,31,31,31,31,31,31,31,31,31,31,31,33,33,33,33,33,33,33,33,33,33,33,33,33,33,33,33,33,33,33,33,33,33,33,33,33,33,33,33,33,33
Queensland,Australia,-27.4698,153.0251,1068,1068,1070,1070,1071,1071,1071,1071,1071,1071,1071,1072,1072,1073,1074,1076,1076,1076,1076,1076,1078,1082,1083,1084,1085,1085,1085,1088,1088,1087,1088,1088,1089,1089,1089,1089,1091,1091,1091,1091,1091,1092,1093,1094,1103,1105,1106,1106,1107,1110,1113,1117,1121
South Australia,Australia,-34.9285,138.6007,443,443,443,443,443,443,443,444,444,444,444,444,444,444,446,447,447,447,447,447,448,448,449,451,453,455,457,457,456,459,459,459,459,459,459,459,460,460,460,461,462,462,462,462,462,462,463,463,463,463,463,463,463
Tasmania,Australia,-42.8821,147.3272,228,228,228,228,228,228,228,228,228,228,228,228,229,229,229,229,229,229,229,229,229,229,229,229,229,229,229,229,229,229,229,229,229,229,230,230,230,230,230,230,230,230,230,230,230,230,230,230,230,230,230,230,230
Victoria,Australia,-37.8136,144.9631,3098,3397,3560,3799,3967,4224,4448,4750,5165,5353,5696,5942,6289,6739,7125,7405,7744,8181,8696,9049,9304,9998,10577,10931,11557,11937,12335,13035,13469,13867,14283,14659,14957,15251,15646,15863,16234,16517,16764,17027,17238,17446,17683,17852,18029,18231,18330,18464,18608,18714,18822,18903,19015
Western Australia,Australia,-31.9505,115.8605,624,627,634,635,635,636,636,646,646,651,651,651,651,651,651,654,656,658,658,659,661,661,665,666,641,669,669,670,670,642,642,642,642,642,642,644,645,646,646,646,647,647,651,651,651,652,652,653,653,653,655,655,655
,Austria,47.5162,14.5501,18513,18615,18709,18783,18897,18948,19021,19154,19270,19439,19573,19655,19743,19827,19929,20099,20214,20338,20472,20558,20677,20850,20955,21130,21212,21304,21385,21481,21566,21696,21837,21919,22033,22106,22245,22439,22594,22876,23179,23370,23534,23829,24084,24431,24762,25062,25253,25495,25706,26033,26361,26590,26985
,Azerbaijan,40.1431,47.5769,21916,22464,22990,23521,24041,24570,25113,25672,26165,26636,27133,27521,27890,28242,28633,28980,29312,29633,30050,30446,30858,31221,31560,31878,32157,32443,32684,32910,33103,33247,33376,33481,33568,33647,33731,33824,33915,34018,34107,34219,34343,34474,34620,34759,34921,35105,35274,35426,35559,35707,35844,35986,36174
,Bahamas,25.025885,-78.035889,106,107,108,111,111,113,116,119,124,129,138,153,174,194,219,274,316,326,342,382,447,484,508,574,599,648,679,715,751,761,830,878,898,945,989,1036,1089,1119,1252,1315,1329,1424,1531,1610,1703,1703,1765,1765,1765,1765,1765,2057,2135
,Bahrain,26.0275,50.55,30931,31528,32039,32470,32941,33476,34078,34560,35084,35473,36004,36422,36936,37316,37637,37996,38458,38747,39131,39482,39921,40311,40755,40982,41190,41536,41835,42132,42514,42889,43307,43629,44011,44397,44804,45264,45726,46052,46430,46835,47185,47581,47950,48303,48661,49038,49330,49719,50076,50393,50756,51113,51391
,Bangladesh,23.685,90.3563,172134,175494,178443,181129,183795,186894,190057,193590,196323,199357,202066,204525,207453,210510,213254,216110,218658,221178,223453,226225,229185,232194,234889,237661,239860,240746,242102,244020,246674,249651,252502,255113,257600,260507,263503,266498,269115,271881,274525,276549,279144,282344,285091,287959,290360,292625,294598,297083,299628,302147,304583,306794,308925
,Barbados,13.1939,-59.5432,98,98,98,103,103,103,103,104,104,104,104,105,106,106,106,106,108,108,110,110,110,110,110,110,122,132,132,132,133,133,138,138,142,142,143,144,144,148,150,151,152,153,155,156,157,158,161,161,164,165,165,166,170
,Belarus,53.7098,27.9534,64224,64411,64604,64767,64932,65114,65269,65443,65623,65782,65953,66095,66213,66348,66521,66688,66846,67002,67132,67251,67366,67518,67665,67808,67946,68067,68166,68250,68376,68503,68614,68738,68850,68947,69005,69102,69203,69308,69308,69516,69589,69673,69801,69950,70111,70285,70468,70645,70727,70974,71165,71346,71523
,Belgium,50.8333,4.469936,62123,62210,62357,62469,62707,62707,62781,62872,63238,63499,63706,63706,64094,64258,64627,64847,65199,65727,66026,66428,66662,67335,68006,68751,69402,69849,70314,70648,71158,72016,72784,73401,74152,74620,75008,75647,76191,77113,77869,78323,78534,78897,79479,80178,80894,81468,81936,82092,82447,83030,83500,83952,84599
,Belize,17.1899,-88.4976,30,30,37,37,37,37,39,39,40,40,40,40,40,42,43,47,48,48,48,48,48,48,48,48,56,57,57,57,86,114,114,146,153,177,177,210,296,356,388,452,475,475,553,605,648,668,686,713,730,760,818,870,964
,Benin,9.3077,2.3158,1199,1285,1285,1378,1378,1378,1378,1378,1463,1602,1602,1602,1602,1602,1690,1694,1694,1694,1770,1770,1770,1805,1805,1805,1805,1805,1805,1914,1936,1936,1936,1936,1936,1936,2001,2014,2014,2014,2063,2063,2063,2063,2095,2095,2095,2115,2115,2115,2115,2145,2145,2145,2145
,Bhutan,27.5142,90.4336,80,80,80,82,84,84,84,84,86,87,87,89,90,92,92,92,92,92,95,99,99,99,101,101,102,102,103,105,105,108,108,108,110,110,113,113,128,133,133,138,141,147,147,153,154,155,155,156,173,173,184,195,195
,Bolivia,-16.2902,-63.5887,42984,44113,45565,47200,48187,49250,50867,52218,54156,56102,58138,59582,60991,62357,64135,65252,66456,68281,69429,71181,72327,73534,75234,76789,78793,80153,81846,83361,85141,86423,87891,89055,89999,91635,93328,95071,96459,97950,99146,100344,101223,103019,105050,106065,107435,108427,109149,110148,110999,112094,113129,114409,115354
,Bosnia and Herzegovina,43.9159,17.6791,5869,6086,6402,6719,6877,6981,6981,7411,7681,7908,8161,8340,8479,8787,9115,9462,9767,9767,9767,10498,10766,11127,11444,11876,11876,12296,12462,12856,13138,13396,13687,13687,13687,14498,14708,14961,15184,15535,15801,15801,16111,16351,16691,17029,17396,17715,17715,18029,18326,18609,18920,19214,19550
,Botswana,-22.3285,24.6849,314,314,314,314,399,399,399,399,522,522,522,522,522,522,522,592,686,686,686,739,739,804,804,804,804,804,804,804,804,804,804,804,804,1066,1066,1066,1214,1214,1214,1214,1308,1308,1308,1308,1308,1308,1308,1562,1562,1562,1562,1562,1562
,Brazil,-14.235,-51.9253,1713160,1755779,1800827,1839850,1864681,1884967,1926824,1966748,2012151,2046328,2074860,2098389,2118646,2159654,2227514,2287475,2343366,2394513,2419091,2442375,2483191,2552265,2610102,2662485,2707877,2733677,2750318,2801921,2859073,2912212,2962442,3012412,3035422,3057470,3109630,3164785,3224876,3275520,3317096,3340197,3359570,3407354,3456652,3501975,3532330,3582362,3605783,3622861,3669995,3717156,3761391,3804803,3846153
,Brunei,4.5353,114.7277,141,141,141,141,141,141,141,141,141,141,141,141,141,141,141,141,141,141,141,141,141,141,141,141,141,141,141,141,141,141,142,142,142,142,142,142,142,142,142,142,142,142,143,143,143,143,143,143,144,144,144,144,144
,Bulgaria,42.7339,25.4858,6342,6672,6964,7175,7252,7411,7645,7877,8144,8442,8638,8733,8929,9254,9584,9853,10123,10312,10427,10621,10871,11155,11420,11690,11836,11955,12159,12414,12717,13014,13209,13343,13396,13512,13722,13893,13893,14243,14333,14365,14500,14669,14820,14962,15131,15131,15287,15386,15589,15751,15908,16065,16164
,Burkina Faso,12.2383,-1.5616,1003,1005,1020,1033,1036,1036,1037,1038,1038,1045,1047,1052,1065,1065,1066,1070,1075,1086,1086,1100,1105,1105,1106,1106,1143,1143,1150,1153,1153,1158,1158,1175,1175,1204,1211,1213,1228,1238,1240,1267,1280,1280,1285,1297,1297,1297,1320,1338,1338,1352,1352,1352,1352
,Burma,21.9162,95.956,317,321,326,330,331,336,337,337,339,339,340,341,341,341,343,343,346,348,350,350,351,351,353,353,353,353,355,356,357,357,359,359,360,360,360,361,369,374,374,375,376,376,394,399,435,441,450,474,504,580,602,643,749
,Burundi,-3.3731,29.9189,191,191,191,191,191,269,269,269,303,310,310,310,322,328,328,345,345,361,361,378,378,387,387,387,395,395,395,395,395,400,400,405,408,408,408,409,410,412,412,413,413,416,422,422,426,429,430,430,430,430,431,433,445
,Cabo Verde,16.5388,-23.0418,1542,1552,1591,1623,1623,1698,1722,1780,1894,1939,2014,2045,2071,2107,2154,2190,2220,2258,2307,2328,2354,2373,2418,2451,2480,2547,2583,2631,2689,2734,2780,2835,2858,2883,2920,3000,3073,3136,3163,3179,3203,3253,3321,3368,3412,3455,3509,3532,3568,3630,3699,3745,3778
,Cambodia,11.55,104.9167,141,141,141,156,156,165,165,166,171,171,171,171,171,197,198,202,202,225,225,226,226,226,234,239,240,240,240,243,243,243,246,248,251,251,268,272,273,273,273,273,273,273,273,273,273,273,273,273,273,273,273,273,273
,Cameroon,3.848,11.5021,14916,14916,14916,15173,15173,15173,15173,15173,16157,16157,16157,16157,16157,16522,16522,16522,16708,16708,16708,17110,17179,17255,17255,17255,17255,17255,17255,17718,17718,17718,17718,18042,18042,18042,18213,18263,18308,18469,18469,18469,18582,18599,18624,18762,18762,18762,18762,18762,18973,18973,19142,19142,19142
Alberta,Canada,53.9333,-116.5765,8482,8519,8596,8596,8596,8826,8912,8994,9114,9219,9219,9219,9587,9728,9728,9975,10086,10086,10086,10390,10470,10603,10716,10843,10843,10843,10843,11146,11240,11296,11430,11430,11430,11687,11772,11893,11969,12053,12053,12053,12053,12419,12501,12501,12748,12748,12748,13006,13083,13210,13318,13476,13476
British Columbia,Canada,53.7267,-127.6476,3008,3028,3053,3053,3053,3053,3128,3149,3170,3198,3198,3198,3300,3328,3328,3392,3392,3419,3419,3500,3523,3562,3591,3641,3641,3641,3641,3787,3834,3881,3934,3934,3934,4065,4111,4111,4274,4358,4358,4358,4358,4677,4745,4745,4915,4915,4915,5184,5242,5304,5372,5496,5496
Diamond Princess,Canada,0,0,0,0,0,0,0,0,0,0,0,0,0,0,0,0,0,0,0,0,0,0,0,0,0,0,0,0,0,0,0,0,0,0,0,0,0,0,0,0,0,0,0,0,0,0,0,0,0,0,0,0,0,0,0
Grand Princess,Canada,0,0,13,13,13,13,13,13,13,13,13,13,13,13,13,13,13,13,13,13,13,13,13,13,13,13,13,13,13,13,13,13,13,13,13,13,13,13,13,13,13,13,13,13,13,13,13,13,13,13,13,13,13,13,13
Manitoba,Canada,53.7609,-98.8139,325,325,325,325,325,325,330,330,331,336,337,343,354,366,374,375,384,388,394,400,405,407,409,415,417,435,442,443,444,474,491,507,542,558,562,578,603,643,663,697,731,748,763,796,830,872,944,993,1018,1043,1064,1096,1155
New Brunswick,Canada,46.5653,-66.4619,165,166,166,166,166,166,167,168,168,168,168,169,170,170,170,170,170,170,170,170,170,170,170,170,170,170,170,170,174,176,176,176,176,176,177,178,180,180,184,186,186,186,186,186,188,188,189,189,190,190,190,191,191
Newfoundland and Labrador,Canada,53.1355,-57.6604,261,261,262,262,262,262,262,262,262,262,262,262,262,263,264,264,265,265,266,266,266,266,266,266,266,266,266,266,266,266,267,267,267,268,268,268,268,268,268,268,268,268,268,268,268,268,268,268,268,268,268,269,269
Northwest Territories,Canada,64.8255,-124.8457,5,5,5,5,5,5,5,5,5,5,5,5,5,5,5,5,5,5,5,5,5,5,5,5,5,5,5,5,5,5,5,5,5,5,5,5,5,5,5,5,5,5,5,5,5,5,5,5,5,5,5,5,5
Nova Scotia,Canada,44.682,-63.7443,1066,1066,1066,1066,1066,1066,1066,1067,1067,1067,1067,1067,1067,1067,1067,1067,1067,1067,1067,1067,1067,1067,1067,1069,1069,1071,1071,1071,1071,1071,1071,1071,1071,1071,1071,1071,1071,1072,1074,1074,1075,1075,1076,1077,1077,1078,1080,1080,1080,1081,1081,1083,1083
Ontario,Canada,51.2538,-85.3232,38079,38200,38323,38398,38481,38730,38814,38918,39043,39164,39316,39434,39553,39718,39824,39936,40341,40457,40558,40673,40787,40873,40953,41178,41257,41333,41391,41495,41560,41635,41815,41894,41962,42082,42162,42233,42313,42412,42501,42563,42686,42800,42890,42983,43126,43218,43323,43454,43541,43658,43801,43919,44045
Prince Edward Island,Canada,46.5107,-63.4168,32,33,33,33,34,35,36,36,36,36,36,36,36,36,36,36,36,36,36,36,36,36,36,36,36,36,36,36,36,36,36,36,36,36,36,41,41,41,41,41,41,44,44,44,44,44,44,44,44,44,44,44,44
Quebec,Canada,52.9399,-73.5491,56079,56216,56316,56407,56521,56621,56730,56859,57001,57142,57300,57466,57616,57796,57938,58080,58243,58414,58583,58728,58897,59073,59131,59312,59458,59599,59722,59845,60000,60133,60241,60367,60471,60627,60718,60813,60917,61004,61084,61151,61206,61252,61316,61402,61495,61599,61673,61741,61803,61945,62056,62124,62232
Saskatchewan,Canada,52.9399,-106.4509,808,813,815,815,815,871,876,881,923,936,941,943,962,970,1030,1072,1099,1136,1178,1209,1218,1268,1306,1319,1334,1342,1359,1368,1376,1387,1409,1433,1445,1450,1479,1484,1511,1541,1566,1580,1581,1582,1586,1590,1595,1597,1600,1602,1601,1604,1609,1611,1615
Yukon,Canada,64.2823,-135,11,11,11,11,11,11,11,11,11,13,13,13,13,13,13,13,14,14,14,14,14,14,14,14,14,14,14,14,14,14,15,15,15,15,15,15,15,15,15,15,15,15,15,15,15,15,15,15,15,15,15,15,15
,Central African Republic,6.6111,20.9394,4109,4200,4259,4288,4288,4321,4356,4362,4373,4389,4485,4485,4548,4561,4574,4590,4593,4598,4599,4599,4599,4605,4605,4608,4614,4614,4614,4618,4618,4620,4641,4641,4641,4641,4645,4652,4652,4652,4652,4652,4667,4679,4679,4679,4679,4679,4679,4679,4691,4698,4698,4700,4700
,Chad,15.4542,18.7322,873,873,874,874,880,880,884,885,886,887,889,889,889,889,889,915,915,915,915,922,926,926,935,936,936,936,936,938,939,942,942,942,944,945,946,949,949,951,952,956,959,970,971,972,981,982,986,987,995,998,1004,1008,1008
,Chile,-35.6751,-71.543,303083,306216,309274,312029,315041,317657,319493,321205,323698,326439,328846,330930,333029,334683,336402,338759,341304,343592,345790,347923,349800,351575,353536,355667,357658,359731,361493,362962,364723,366671,368825,371023,373056,375044,376616,378168,380034,382111,383902,385946,387502,388855,390037,391849,393769,395708,397665,399568,400985,402365,404102,405972,408009
Anhui,China,31.8257,117.2264,991,991,991,991,991,991,991,991,991,991,991,991,991,991,991,991,991,991,991,991,991,991,991,991,991,991,991,991,991,991,991,991,991,991,991,991,991,991,991,991,991,991,991,991,991,991,991,991,991,991,991,991,991
Beijing,China,40.1824,116.4142,929,929,929,929,929,929,929,929,929,929,929,929,929,929,929,929,929,929,929,931,932,933,933,933,933,933,933,934,934,935,935,935,935,935,935,935,935,935,935,935,935,935,935,935,935,935,935,935,935,935,935,935,935
Chongqing,China,30.0572,107.874,582,582,582,582,582,582,583,583,583,583,583,583,583,583,583,583,583,583,583,583,583,583,583,583,583,583,583,583,583,583,583,583,583,583,583,583,583,583,583,583,583,583,583,583,583,583,583,583,583,583,583,583,583
Fujian,China,26.0789,117.9874,363,363,363,363,363,363,363,363,363,364,364,364,364,364,364,364,364,365,366,366,366,366,366,366,367,367,367,367,367,367,367,367,367,367,368,368,368,368,369,370,370,370,370,370,371,372,375,375,375,375,376,378,380
Gansu,China,35.7518,104.2861,167,167,167,167,167,167,167,167,167,167,167,167,167,167,167,167,167,167,167,167,167,167,167,167,167,167,167,167,167,167,167,167,167,169,169,169,169,169,169,169,169,169,169,169,169,169,169,169,169,169,169,169,169
Guangdong,China,23.3417,113.4244,1647,1647,1647,1648,1650,1650,1650,1650,1654,1657,1659,1659,1659,1661,1662,1667,1669,1672,1672,1672,1674,1675,1678,1680,1682,1683,1687,1687,1687,1687,1688,1693,1696,1699,1699,1707,1707,1709,1712,1720,1721,1725,1725,1725,1725,1727,1727,1730,1734,1734,1735,1737,1738
Guangxi,China,23.8298,108.7881,254,254,254,254,254,254,254,254,255,255,255,255,255,255,255,255,255,255,255,255,255,255,255,255,255,255,255,255,255,255,255,255,255,255,255,255,255,255,255,255,255,255,255,255,255,255,255,255,255,255,255,255,255
Guizhou,China,26.8154,106.8748,147,147,147,147,147,147,147,147,147,147,147,147,147,147,147,147,147,147,147,147,147,147,147,147,147,147,147,147,147,147,147,147,147,147,147,147,147,147,147,147,147,147,147,147,147,147,147,147,147,147,147,147,147
Hainan,China,19.1959,109.7453,171,171,171,171,171,171,171,171,171,171,171,171,171,171,171,171,171,171,171,171,171,171,171,171,171,171,171,171,171,171,171,171,171,171,171,171,171,171,171,171,171,171,171,171,171,171,171,171,171,171,171,171,171
Hebei,China,39.549,116.1306,349,349,349,349,349,349,349,349,349,349,349,349,349,349,349,349,349,349,349,349,349,349,349,349,349,349,349,349,349,349,349,349,349,350,350,351,351,351,351,351,351,351,351,351,354,359,359,360,360,362,362,362,362
Heilongjiang,China,47.862,127.7615,947,947,947,947,947,947,947,947,947,947,947,947,947,947,947,947,947,947,947,947,947,947,947,947,947,947,947,947,947,947,947,947,947,948,948,948,948,948,948,948,948,948,948,948,948,948,948,948,948,948,948,948,948
Henan,China,37.8957,114.9042,1276,1276,1276,1276,1276,1276,1276,1276,1276,1276,1276,1276,1276,1276,1276,1276,1276,1276,1276,1276,1276,1276,1276,1276,1276,1276,1276,1276,1276,1276,1276,1276,1276,1276,1276,1276,1276,1276,1276,1276,1276,1276,1276,1276,1276,1276,1276,1276,1276,1276,1276,1276,1276
Hong Kong,China,22.3,114.2,1323,1365,1365,1431,1469,1469,1569,1588,1655,1713,1713,1777,1885,1958,2131,2249,2372,2505,2633,2778,2884,3002,3151,3272,3396,3511,3589,3669,3754,3849,3938,4007,4079,4148,4181,4243,4312,4360,4406,4480,4524,4560,4586,4604,4631,4657,4682,4691,4710,4734,4755,4768,4786
Hubei,China,30.9756,112.2707,68135,68135,68135,68135,68135,68135,68135,68135,68135,68135,68135,68135,68135,68135,68135,68135,68135,68135,68135,68135,68135,68135,68135,68135,68138,68138,68138,68138,68138,68138,68139,68139,68139,68139,68139,68139,68139,68139,68139,68139,68139,68139,68139,68139,68139,68139,68139,68139,68139,68139,68139,68139,68139
Hunan,China,27.6104,111.7088,1019,1019,1019,1019,1019,1019,1019,1019,1019,1019,1019,1019,1019,1019,1019,1019,1019,1019,1019,1019,1019,1019,1019,1019,1019,1019,1019,1019,1019,1019,1019,1019,1019,1019,1019,1019,1019,1019,1019,1019,1019,1019,1019,1019,1019,1019,1019,1019,1019,1019,1019,1019,1019
Inner Mongolia,China,44.0935,113.9448,244,244,244,245,249,249,249,249,249,249,249,249,249,249,250,250,251,256,258,258,258,258,258,258,258,258,258,258,258,258,258,258,258,258,259,259,259,260,260,260,260,260,260,260,260,260,260,260,260,260,260,260,260
Jiangsu,China,32.9711,119.455,654,654,654,654,654,654,654,654,654,654,654,654,654,654,655,655,655,655,655,655,655,655,655,655,655,658,658,658,658,659,659,659,659,659,659,659,659,661,661,661,664,664,664,665,665,665,665,665,665,665,665,665,665
Jiangxi,China,27.614,115.7221,932,932,932,932,932,932,932,932,932,932,932,932,932,932,932,932,932,932,932,932,932,932,932,932,932,932,932,932,932,932,932,932,932,932,932,932,932,932,932,932,932,932,935,935,935,935,935,935,935,935,935,935,935
Jilin,China,43.6661,126.1923,155,155,155,155,155,155,155,155,155,155,155,155,155,155,155,155,155,155,157,157,157,157,157,157,157,157,157,157,157,157,157,157,157,157,157,157,157,157,157,157,157,157,157,157,157,157,157,157,157,157,157,157,157
Liaoning,China,41.2956,122.6085,162,162,162,164,164,164,164,164,164,164,164,164,164,164,165,167,176,189,203,209,217,222,233,241,244,253,255,255,258,259,259,259,261,261,261,261,261,261,261,261,261,261,261,261,261,261,261,262,262,262,262,262,262
Macau,China,22.1667,113.55,46,46,46,46,46,46,46,46,46,46,46,46,46,46,46,46,46,46,46,46,46,46,46,46,46,46,46,46,46,46,46,46,46,46,46,46,46,46,46,46,46,46,46,46,46,46,46,46,46,46,46,46,46
Ningxia,China,37.2692,106.1655,75,75,75,75,75,75,75,75,75,75,75,75,75,75,75,75,75,75,75,75,75,75,75,75,75,75,75,75,75,75,75,75,75,75,75,75,75,75,75,75,75,75,75,75,75,75,75,75,75,75,75,75,75
Qinghai,China,35.7452,95.9956,18,18,18,18,18,18,18,18,18,18,18,18,18,18,18,18,18,18,18,18,18,18,18,18,18,18,18,18,18,18,18,18,18,18,18,18,18,18,18,18,18,18,18,18,18,18,18,18,18,18,18,18,18
Shaanxi,China,35.1917,108.8701,321,321,321,321,321,321,321,321,322,322,322,322,322,322,323,323,323,323,323,323,323,324,324,324,326,326,326,327,328,328,328,328,331,340,341,341,346,348,351,354,356,358,358,358,360,362,362,364,364,364,364,364,364
Shandong,China,36.3427,118.1498,792,792,792,792,793,793,793,793,794,796,797,798,798,798,798,798,798,799,799,799,799,799,799,799,802,804,804,804,805,805,806,806,810,816,817,821,821,821,821,822,822,823,824,827,830,830,831,831,831,831,831,831,831
Shanghai,China,31.202,121.4491,721,721,721,724,725,725,731,732,733,733,733,733,735,737,738,739,741,741,741,743,744,744,744,748,749,749,750,752,757,764,766,768,786,794,798,800,816,820,825,828,842,850,851,862,875,875,880,882,886,888,891,894,897
Shanxi,China,37.5777,112.2922,199,199,199,200,200,200,201,201,201,201,201,201,201,201,201,201,201,201,201,201,201,201,201,201,201,201,201,201,201,201,201,201,201,201,201,201,201,201,201,201,201,201,201,201,201,201,202,202,202,202,202,202,202
Sichuan,China,30.6171,102.7103,599,599,599,599,599,599,599,599,599,599,599,602,603,603,603,603,603,603,604,604,604,604,604,604,608,608,609,610,610,611,611,611,615,615,616,618,619,623,624,626,626,626,627,628,628,628,631,635,640,644,648,650,652
Tianjin,China,39.3054,117.323,199,199,199,203,203,203,203,203,203,203,203,203,203,203,203,203,203,204,204,204,204,204,205,205,205,205,205,205,205,205,205,205,205,205,205,205,205,205,207,207,209,209,210,216,216,218,218,219,220,220,220,220,221
Tibet,China,31.6927,88.0924,1,1,1,1,1,1,1,1,1,1,1,1,1,1,1,1,1,1,1,1,1,1,1,1,1,1,1,1,1,1,1,1,1,1,1,1,1,1,1,1,1,1,1,1,1,1,1,1,1,1,1,1,1
Xinjiang,China,41.1129,85.2401,76,76,76,76,76,76,76,76,82,93,106,123,131,140,158,171,191,213,254,311,400,496,608,639,668,696,724,746,773,799,824,839,853,866,875,883,891,898,902,902,902,902,902,902,902,902,902,902,902,902,902,902,902
Yunnan,China,24.974,101.487,187,187,187,187,187,187,188,188,188,188,188,188,188,188,189,189,189,189,189,190,190,191,191,191,191,191,191,191,191,191,191,191,191,191,191,191,191,191,191,195,195,195,195,195,195,195,198,198,199,199,199,199,199
Zhejiang,China,29.1832,120.0934,1269,1269,1269,1270,1270,1270,1270,1270,1270,1270,1270,1270,1270,1270,1270,1270,1270,1270,1270,1270,1270,1270,1270,1270,1270,1270,1270,1270,1270,1270,1271,1272,1273,1274,1275,1275,1275,1275,1275,1275,1275,1277,1277,1277,1277,1277,1277,1277,1277,1277,1277,1277,1277
,Colombia,4.5709,-74.2973,128638,133973,140776,145632,150445,154277,159898,165169,173206,182140,190700,197278,204005,211038,218428,226373,233541,240795,248976,257101,267385,276055,286020,295508,306181,317651,327850,334979,345714,357710,367204,376870,387481,397623,410453,422519,433805,445111,456689,468332,476660,489122,502178,513719,522138,522138,541139,551688,562113,572243,581995,590492,599884
,Comoros,-11.6455,43.3333,313,314,314,317,317,317,321,321,328,328,328,334,334,337,337,340,340,340,354,354,354,378,378,378,386,386,386,388,388,396,396,399,399,399,399,399,399,403,403,405,405,406,406,417,417,417,417,417,417,417,422,422,423
,Congo (Brazzaville),-0.228,15.8277,1821,1821,2028,2028,2028,2028,2028,2222,2358,2633,2633,2633,2851,2851,2851,2851,3038,3038,3038,3200,3200,3200,3200,3200,3200,3200,3546,3546,3546,3546,3637,3664,3664,3664,3745,3745,3745,3745,3745,3831,3831,3831,3850,3850,3850,3850,3850,3979,3979,3979,3979,3979,3979
,Congo (Kinshasa),-4.0383,21.7587,7432,7846,7905,7971,8033,8075,8135,8163,8199,8249,8324,8403,8443,8534,8626,8720,8767,8801,8831,8844,8873,8931,9010,9070,9084,9115,9133,9178,9253,9309,9355,9436,9454,9489,9499,9538,9589,9605,9638,9676,9706,9721,9741,9757,9802,9811,9830,9842,9891,9912,9915,9994,10007
,Costa Rica,9.7489,-83.7534,5836,6485,6845,7231,7596,8036,8482,8986,9546,9969,10551,11114,11534,11811,12361,13129,13669,14600,15229,15841,16344,16800,17290,17820,18187,18975,19402,19837,20417,21070,22081,22802,23286,23872,24508,25057,26129,26931,27737,28465,29084,29643,30409,31075,32134,33084,33820,34463,35305,36307,37292,38485,39699
,Cote d'Ivoire,7.54,-5.5471,11504,11750,12052,12443,12766,12872,13037,13403,13554,13696,13912,14119,14312,14531,14733,15001,15253,15494,15596,15655,15713,15813,15978,16047,16109,16182,16220,16293,16349,16447,16524,16620,16715,16798,16847,16847,16889,16935,16993,17026,17107,17150,17232,17249,17310,17374,17471,17506,17562,17603,17702,17797,17893
,Croatia,45.1,15.2,3325,3416,3532,3672,3722,3775,3827,3953,4039,4137,4253,4345,4370,4422,4530,4634,4715,4792,4857,4881,4923,4993,5071,5139,5224,5260,5294,5318,5376,5404,5466,5543,5604,5649,5740,5870,6050,6258,6420,6571,6656,6855,7074,7329,7594,7900,8175,8311,8530,8888,9192,9549,9861
,Cuba,21.521757,-77.781167,2399,2403,2413,2420,2426,2428,2432,2438,2440,2444,2445,2446,2446,2449,2462,2466,2469,2478,2495,2532,2555,2588,2597,2608,2633,2646,2670,2701,2726,2775,2829,2888,2953,3046,3093,3128,3174,3229,3292,3316,3364,3408,3482,3565,3582,3617,3682,3717,3744,3759,3806,3866,3925
,Cyprus,35.1264,33.4299,1008,1010,1013,1014,1021,1022,1023,1025,1031,1033,1037,1038,1038,1040,1040,1045,1047,1053,1057,1060,1067,1080,1090,1114,1124,1150,1155,1180,1195,1208,1222,1233,1242,1252,1277,1291,1305,1318,1332,1339,1351,1359,1385,1395,1406,1417,1421,1451,1474,1484,1467,1481,1483
,Czechia,49.8175,15.473,12814,12919,13001,13115,13174,13238,13341,13475,13612,13742,13855,13945,14098,14324,14570,14800,15081,15212,15324,15516,15799,16093,16371,16574,16699,16800,17008,17286,17529,17731,18060,18235,18353,18494,18783,19075,19401,19693,19891,20012,20202,20483,20798,21045,21551,21790,21923,22181,22548,22951,23169,23777,24094
Faroe Islands,Denmark,61.8926,-6.9118,188,188,188,188,188,188,188,188,188,188,188,191,191,191,191,191,191,192,214,214,220,220,225,225,225,225,225,227,241,266,291,295,303,306,318,339,362,365,370,372,373,377,382,383,384,384,384,410,411,411,411,411,411
Greenland,Denmark,71.7069,-42.6043,13,13,13,13,13,13,13,13,13,13,13,13,13,13,13,13,13,13,13,14,14,14,14,14,14,14,14,14,14,14,14,14,14,14,14,14,14,14,14,14,14,14,14,14,14,14,14,14,14,14,14,14,14
,Denmark,56.2639,9.5018,12900,12916,12946,12946,12946,13037,13061,13092,13124,13173,13173,13173,13262,13302,13350,13390,13438,13438,13438,13547,13577,13634,13725,13789,13789,13789,13996,14073,14185,14306,14442,14442,14442,14815,14959,15070,15214,15379,15483,15617,15740,15855,15940,16056,16127,16239,16317,16397,16480,16537,16627,16700,16779
,Diamond Princess,0,0,712,712,712,712,712,712,712,712,712,712,712,712,712,712,712,712,712,712,712,712,712,712,712,712,712,712,712,712,712,712,712,712,712,712,712,712,712,712,712,712,712,712,712,712,712,712,712,712,712,712,712,712,712
,Djibouti,11.8251,42.5903,4889,4955,4968,4968,4972,4977,4979,4985,4993,5003,5003,5011,5020,5027,5030,5031,5039,5039,5050,5059,5068,5081,5081,5084,5084,5161,5240,5248,5330,5330,5338,5338,5344,5347,5348,5358,5358,5367,5367,5369,5372,5374,5374,5374,5382,5382,5382,5383,5383,5383,5383,5383,5385
,Dominica,15.415,-61.371,18,18,18,18,18,18,18,18,18,18,18,18,18,18,18,18,18,18,18,18,18,18,18,18,18,18,18,18,18,18,18,18,18,18,18,18,18,18,18,18,18,18,18,18,18,19,19,20,20,20,20,20,20
,Dominican Republic,18.7357,-70.1627,39588,40790,41915,43114,44532,45506,46305,47671,48743,50113,51519,52855,53956,54797,56043,57615,59077,60896,62908,64156,64690,66182,67915,69649,71415,72243,73117,74295,75660,76536,77709,78778,79732,80499,81094,82224,83134,84488,85545,86309,86737,87123,88127,89010,89867,90561,91161,91608,92217,92557,92964,93390,93732
,Ecuador,-1.8312,-78.1834,63245,64221,65018,67209,67870,68459,69570,70329,71365,72444,73382,74013,74620,76217,77257,78148,79049,80036,80694,81161,82279,83193,84370,85355,86232,86232,87041,87963,88866,90537,91969,93572,94459,94701,95563,97110,98343,99409,100688,101542,101751,102941,104475,105508,106481,107089,107769,108289,109030,110549,111219,112141,112906
,Egypt,26.820553,30.802498,78304,79254,80235,81158,82070,83001,83930,84843,85771,86474,87172,87775,88402,89078,89745,90413,91072,91583,92062,92482,92947,93356,93757,94078,94316,94483,94640,94752,94875,95006,95147,95314,95492,95666,95834,95963,96108,96220,96336,96475,96590,96753,96914,97025,97148,97237,97340,97478,97619,97825,98062,98285,98497
,El Salvador,13.7942,-88.8965,8566,8844,9142,9391,9674,9978,10303,10645,10957,11207,11508,11846,12207,12582,12975,13377,13792,14221,14630,15035,15446,15841,16230,16632,17050,17448,17843,18262,18701,19126,19544,19978,20423,20872,21269,21644,21993,22314,22619,22912,23193,23462,23717,23964,24200,24420,24622,24811,24986,25140,25284,25415,25537
,Equatorial Guinea,1.6508,10.2679,3071,3071,3071,3071,3071,3071,3071,3071,3071,3071,3071,3071,3071,3071,3071,3071,3071,3071,3071,3071,3071,3071,3071,4821,4821,4821,4821,4821,4821,4821,4821,4821,4821,4821,4821,4821,4821,4821,4821,4821,4821,4821,4892,4892,4926,4926,4926,4926,4926,4928,4928,4941,4941
,Eritrea,15.1794,39.7823,215,232,232,232,232,232,232,232,251,251,251,251,251,251,251,261,261,263,263,265,265,265,279,279,279,279,282,282,282,282,285,285,285,285,285,285,285,285,285,285,285,304,304,306,306,306,306,306,315,315,317,317,318
,Estonia,58.5953,25.0136,2003,2011,2013,2014,2014,2014,2015,2016,2016,2020,2021,2021,2021,2022,2025,2027,2028,2033,2034,2034,2038,2042,2051,2064,2072,2079,2080,2091,2113,2124,2133,2147,2152,2158,2167,2174,2174,2177,2184,2190,2192,2200,2207,2227,2244,2265,2272,2275,2294,2311,2325,2343,2363
,Eswatini,-26.5225,31.4659,1138,1213,1257,1311,1351,1389,1434,1489,1552,1619,1729,1793,1826,1894,1938,2021,2073,2142,2207,2316,2404,2551,2577,2648,2706,2775,2838,2856,2909,2968,3036,3128,3236,3309,3410,3525,3599,3670,3745,3839,3894,3989,4058,4110,4128,4189,4225,4304,4327,4387,4433,4461,4510
,Ethiopia,9.145,40.4897,6774,6973,7120,7402,7560,7766,7969,8181,8475,8803,9147,9503,10207,11072,11524,11933,12693,13248,13968,14547,15200,15810,16615,17530,17999,18706,19289,19877,20336,20900,21452,22253,22818,23591,24175,25118,26204,27242,28894,29876,31336,32722,34058,35836,37665,39033,40671,42143,43688,45221,46407,48140,49654
,Fiji,-17.7134,178.065,21,26,26,26,26,26,26,26,26,26,26,27,27,27,27,27,27,27,27,27,27,27,27,27,27,27,27,27,27,27,27,27,27,27,27,27,28,28,28,28,28,28,28,28,28,28,28,28,28,28,28,28,28
,Finland,61.92411,25.748151,7265,7273,7279,7291,7294,7295,7301,7296,7293,7301,7318,7335,7340,7351,7362,7372,7380,7388,7393,7398,7404,7414,7423,7432,7443,7453,7466,7483,7512,7532,7554,7568,7584,7601,7623,7642,7683,7700,7720,7731,7752,7776,7805,7842,7871,7906,7920,7938,7981,8002,8019,8042,8049
French Guiana,France,3.9339,-53.1258,5459,5558,5704,5949,5949,6170,6229,6299,6393,6509,6655,6655,6745,6851,6883,7086,7251,7332,7332,7514,7562,7647,7728,7799,7857,7857,7948,7998,8069,8127,8204,8267,8267,8324,8360,8423,8471,8549,8588,8588,8622,8657,8711,8743,8777,8797,8797,8875,8904,8936,8982,9022,9076
French Polynesia,France,-17.6797,149.4068,62,62,62,62,62,62,62,62,62,62,62,62,62,62,62,62,62,62,62,62,62,62,62,62,62,62,62,64,64,64,69,69,69,112,112,139,139,166,166,166,211,211,211,211,211,211,211,211,372,415,415,482,482
Guadeloupe,France,16.265,-61.551,184,184,190,190,190,190,190,190,190,195,195,195,195,195,195,195,203,203,203,203,203,244,244,265,265,265,272,272,279,279,290,290,290,317,317,367,367,446,446,446,510,510,510,510,771,771,771,771,935,935,935,1145,1145
Martinique,France,14.6415,-61.0242,249,249,255,255,255,255,255,255,255,255,262,262,262,262,262,262,269,269,269,269,269,269,269,269,269,269,269,269,269,276,336,336,336,336,336,336,336,336,336,336,336,336,336,336,336,336,464,464,464,596,596,596,596
Mayotte,France,-12.8275,45.166244,2688,2702,2711,2711,2711,2724,2724,2743,2778,2782,2782,2782,2808,2824,2839,2862,2862,2862,2862,2900,2900,2905,2962,2962,2962,2962,3008,3023,3031,3042,3068,3068,3068,3068,3091,3091,3119,3119,3119,3119,3160,3160,3160,3160,3237,3237,3237,3237,3237,3237,3301,3301,3301
New Caledonia,France,-20.904305,165.618042,21,21,21,21,21,21,21,22,22,22,22,22,22,22,22,22,22,22,22,22,22,22,22,22,22,22,22,22,22,22,22,23,23,23,23,23,23,23,23,23,23,23,23,23,23,23,23,23,23,23,23,23,23
Reunion,France,-21.1151,55.5364,563,566,571,577,593,596,599,608,612,614,624,628,631,639,645,646,654,657,657,657,657,657,657,660,664,667,667,669,670,671,675,681,687,690,702,734,754,776,816,855,880,903,903,996,1075,1117,1209,1244,1292,1372,1410,1487,1557
Saint Barthelemy,France,17.9,-62.8333,6,6,6,6,6,6,6,6,6,6,6,6,6,6,6,6,6,7,7,7,7,7,7,8,9,9,9,9,9,9,9,9,13,13,13,13,13,13,13,13,16,16,16,16,16,16,16,16,17,17,17,18,18
Saint Pierre and Miquelon,France,46.8852,-56.3159,1,1,2,2,2,2,2,2,2,4,4,4,4,4,4,4,4,4,4,4,4,4,4,4,4,4,4,4,4,4,4,4,4,4,4,4,4,4,4,4,4,5,5,5,5,5,5,5,5,5,5,5,5
St Martin,France,18.0708,-63.0501,43,43,43,43,43,43,43,43,43,46,46,46,46,46,46,46,46,49,49,49,49,49,49,53,53,53,53,53,53,53,53,53,78,78,84,84,92,109,109,109,121,121,121,121,176,176,176,176,198,198,198,213,213
,France,46.2276,2.2137,196796,197964,198450,198199,198183,199571,199509,200338,200739,201448,201285,201281,203242,203696,204641,205476,206418,206334,206334,208665,209342,209211,210465,213093,213031,213028,212884,216193,216106,218763,222477,222408,222402,226384,226313,230874,230778,236114,239345,239306,242650,242592,242538,242413,257333,260873,265550,267392,270455,275640,281603,288655,288531
,Gabon,-0.8037,11.6094,5871,5871,5942,5942,5942,6026,6026,6121,6121,6315,6315,6315,6433,6433,6588,6588,6984,6984,6984,7189,7189,7352,7352,7352,7531,7531,7646,7646,7787,7787,7923,7923,7923,8006,8006,8077,8077,8225,8225,8225,8270,8270,8319,8319,8388,8388,8388,8409,8409,8468,8468,8505,8505
,Gambia,13.4432,-15.3101,61,63,64,64,64,64,64,64,78,78,93,93,112,112,146,170,216,277,277,326,326,326,403,498,498,498,498,671,799,935,1090,1090,1235,1235,1346,1477,1556,1623,1689,1872,1872,2116,2288,2401,2437,2437,2685,2585,2686,2708,2743,2797,2895
,Georgia,42.3154,43.3569,963,968,973,981,986,995,999,1004,1006,1010,1018,1028,1039,1049,1073,1085,1104,1117,1131,1137,1145,1155,1160,1168,1171,1177,1179,1182,1197,1206,1213,1216,1225,1250,1264,1278,1283,1306,1321,1336,1341,1351,1361,1370,1385,1394,1411,1421,1429,1436,1447,1455,1462
,Germany,51.165691,10.451526,198699,199001,199332,199709,199919,200180,200456,200890,201450,202045,202426,202735,203325,203717,204276,204881,205623,206278,206667,207112,207707,208546,209535,210399,211005,211220,212111,212828,214113,215039,216196,216903,217288,218508,219540,220859,222281,223791,224488,225007,226700,228120,229706,231292,233029,233861,234494,236122,237583,239010,240571,242126,242835
,Ghana,7.9465,-1.0232,22822,23463,23834,24248,24518,24988,24988,25430,26125,26572,27060,27667,28430,28989,29672,29672,31057,31851,32969,33624,34406,35142,35142,35501,37014,37014,37812,37812,39075,39642,40097,40533,41003,41212,41404,41572,41725,41847,42210,42532,42653,42993,43094,43260,43325,43325,43505,43622,43717,43769,43841,43949,44118
,Greece,39.0742,21.8243,3622,3672,3732,3772,3803,3826,3883,3910,3939,3964,3983,4007,4012,4048,4077,4110,4135,4166,4193,4227,4279,4336,4401,4477,4587,4662,4737,4855,4974,5123,5270,5421,5623,5749,5942,6177,6381,6632,6858,7075,7222,7472,7684,7934,8138,8381,8664,8819,8987,9280,9531,9800,9977
,Grenada,12.1165,-61.679,23,23,23,23,23,23,23,23,23,23,23,23,23,23,23,23,23,23,23,23,23,23,24,24,24,24,24,24,24,24,24,24,24,24,24,24,24,24,24,24,24,24,24,24,24,24,24,24,24,24,24,24,24
,Guatemala,15.7835,-90.2308,25411,26658,27619,28598,29355,29742,30872,32074,32939,33809,38042,38677,39039,40229,41135,42192,43283,44492,45053,45309,46451,47605,48826,49789,50979,51306,51542,52365,53509,54339,55270,56189,56605,56987,57966,59089,60284,61428,62313,62562,62944,63847,64881,65983,66941,67856,68188,68533,69651,70714,71856,72921,73679
,Guinea,9.9456,-9.6966,5697,5881,5969,6044,6141,6141,6200,6276,6359,6430,6491,6544,6590,6652,6747,6806,6867,6927,7008,7055,7126,7183,7242,7308,7308,7317,7364,7489,7575,7664,7777,7875,7930,7930,8018,8116,8198,8260,8343,8482,8620,8715,8792,8876,8932,8932,8967,9076,9128,9167,9213,9251,9251
,Guinea-Bissau,11.8037,-15.1804,1790,1790,1842,1842,1842,1842,1842,1842,1902,1927,1949,1949,1949,1954,1954,1954,1954,1954,1954,1954,1954,1954,1981,1981,1981,1981,1981,1981,2032,2032,2032,2052,2052,2052,2088,2088,2088,2088,2117,2117,2117,2117,2117,2149,2149,2149,2149,2149,2149,2205,2205,2205,2205
,Guyana,4.860416,-58.93018,284,286,290,291,297,300,308,313,315,320,327,336,337,339,350,351,352,360,370,389,396,398,401,413,430,474,474,497,509,538,538,554,568,568,602,623,631,649,674,709,709,737,776,846,881,925,955,1029,1060,1093,1140,1180,1184
,Haiti,18.9712,-72.2852,6486,6486,6617,6690,6727,6727,6727,6831,6948,6975,7053,7053,7053,7100,7167,7197,7260,7297,7315,7340,7340,7378,7412,7424,7468,7468,7511,7511,7544,7582,7599,7611,7634,7634,7649,7743,7781,7810,7831,7879,7897,7921,7949,7997,8016,8050,8082,8110,8112,8122,8151,8161,8174
,Holy See,41.9029,12.4534,12,12,12,12,12,12,12,12,12,12,12,12,12,12,12,12,12,12,12,12,12,12,12,12,12,12,12,12,12,12,12,12,12,12,12,12,12,12,12,12,12,12,12,12,12,12,12,12,12,12,12,12,12
,Honduras,15.2,-86.2419,25978,26384,27053,27583,28090,28579,29106,30036,30867,31745,32793,33835,34611,35345,36102,36902,37559,38438,39276,39741,40460,40944,41426,42014,42685,43197,43794,44299,45098,45755,46365,46973,47454,47872,48403,48657,49042,49467,49979,50502,50995,51670,52298,52819,53381,53983,54511,55479,55877,56649,57669,58810,59645
,Hungary,47.1625,19.5033,4210,4220,4223,4229,4234,4247,4258,4263,4279,4293,4315,4333,4339,4347,4366,4380,4398,4424,4435,4448,4456,4465,4484,4505,4526,4535,4544,4553,4564,4597,4621,4653,4696,4731,4746,4768,4813,4853,4877,4916,4946,4970,5002,5046,5098,5133,5155,5191,5215,5288,5379,5511,5669
,Iceland,64.9631,-19.0208,1833,1833,1833,1833,1833,1833,1835,1835,1836,1836,1838,1839,1839,1839,1840,1841,1843,1843,1847,1854,1857,1861,1872,1885,1893,1907,1915,1918,1926,1932,1952,1955,1958,1962,1968,1972,1976,1983,1999,2011,2014,2027,2035,2040,2050,2058,2064,2073,2077,2082,2087,2092,2100
,India,20.593684,78.96288,767296,793802,820916,849522,878254,906752,936181,968857,1003832,1039084,1077781,1118206,1155338,1193078,1238798,1288108,1337024,1385635,1435616,1480073,1531669,1581963,1634746,1695988,1750723,1803695,1855745,1908254,1964536,2027074,2088611,2153010,2215074,2268675,2329638,2396637,2461190,2525922,2589952,2647663,2702681,2767253,2836925,2905825,2975701,3044940,3106348,3167323,3224547,3310234,3387500,3463972,3542733
,Indonesia,-0.7893,113.9213,68079,70736,72347,74018,75699,76981,78572,80094,81668,83130,84882,86521,88214,89869,91751,93657,95418,97286,98778,100303,102051,104432,106336,108376,109936,111455,113134,115056,116871,118753,121226,123503,125396,127083,128776,130718,132816,135123,137468,139549,141370,143043,144945,147211,149408,151498,153535,155412,157859,160165,162884,165887,169195
,Iran,32.427908,53.688046,248379,250458,252720,255117,257303,259652,262173,264561,267061,269440,271606,273788,276202,278827,281413,284034,286523,288839,291172,293606,296273,298909,301530,304204,306752,309437,312035,314786,317483,320117,322567,324692,326712,328844,331189,333699,336324,338825,341070,343203,345450,347835,350279,352558,354764,356792,358905,361150,363363,365606,367796,369911,371816
,Iraq,33.223191,43.679291,67442,69612,72460,75194,77506,79735,81757,83867,86148,88171,90220,92530,94693,97159,99865,102226,104711,107573,110032,112585,115332,118300,121263,124609,126704,129151,131886,134722,137556,140603,144064,147389,150115,153599,156995,160436,164277,168290,172583,176931,180133,184709,188802,192797,197085,201050,204341,207985,211947,215784,219435,223612,227446
,Ireland,53.1424,-7.6921,25542,25565,25589,25611,25628,25638,25670,25683,25698,25730,25750,25760,25766,25802,25819,25826,25845,25869,25881,25892,25929,25942,26027,26065,26109,26162,26208,26253,26303,26372,26470,26644,26712,26768,26801,26838,26929,26995,27191,27257,27313,27499,27547,27676,27755,27908,27969,28116,28201,28363,28453,28578,28720
,Israel,31.046051,34.851612,33557,34825,36266,37464,38670,40632,42360,44188,46059,47459,49365,50289,52003,54042,56085,57982,59475,60678,61956,63985,66293,68299,70036,70970,72218,72815,74430,76198,77919,79559,80991,82324,83002,84722,86593,88151,89822,91080,92233,92680,94751,96409,97969,99599,100716,101933,102663,104472,106460,108403,110403,112000,113465
,Italy,41.87194,12.56738,242149,242363,242639,242827,243061,243230,243344,243506,243736,243967,244216,244434,244624,244752,245032,245338,245590,245864,246118,246286,246488,246776,247158,247537,247832,248070,248229,248419,248803,249204,249756,250103,250566,250825,251237,251713,252235,252809,253438,253915,254235,254636,255278,256118,257065,258136,259345,260298,261174,262540,263949,265409,266853
,Jamaica,18.1096,-77.2975,751,753,753,758,758,759,762,763,765,768,774,790,809,810,816,821,831,837,842,853,855,856,864,878,883,894,905,920,928,958,987,1003,1023,1031,1047,1065,1071,1082,1082,1113,1129,1146,1192,1290,1346,1346,1529,1612,1732,1804,1870,2011,2113
,Japan,36.204824,138.252924,20261,20617,21044,21430,21841,22125,22437,23172,23510,24104,24946,25446,25706,26463,27136,28114,28883,29684,30548,31142,32116,33382,35144,36234,37804,39116,40099,41347,42686,44167,45764,47342,48782,49617,50302,51288,52471,53818,55051,56074,56717,57636,58728,59900,60949,61916,62658,63158,63888,64779,65653,66499,67353
,Jordan,31.24,36.51,1169,1169,1173,1176,1179,1183,1198,1201,1206,1209,1214,1218,1223,1113,1120,1131,1146,1154,1168,1176,1182,1187,1191,1193,1208,1213,1218,1224,1231,1232,1237,1246,1252,1268,1283,1303,1320,1329,1339,1378,1398,1438,1482,1498,1532,1576,1609,1639,1716,1756,1801,1869,1893
,Kazakhstan,48.0196,66.9237,51059,54747,56455,58253,58253,61755,63514,65188,66895,68703,68703,71838,73468,75153,75153,78486,80226,81720,83122,84648,86192,87664,89078,90367,90367,92662,93820,94882,95942,96922,97829,98701,99442,100164,100855,101372,101848,102287,102696,103033,103300,103571,103815,104071,104313,104543,104718,104902,105075,105243,105408,105558,105684
,Kenya,-0.0236,37.9062,8528,8975,9448,9726,10105,10294,10791,11252,11673,12062,12750,13353,13771,14168,14805,15601,16268,16643,17603,17975,18581,19125,19913,20636,21363,22053,22597,23202,23873,24411,25138,25837,26436,26928,27425,28104,28754,29334,29849,30120,30365,30636,31015,31441,31763,32118,32364,32557,32803,33016,33389,33630,33794
,"Korea, South",35.907757,127.766922,13293,13338,13373,13417,13479,13512,13551,13612,13672,13711,13745,13771,13816,13879,13938,13979,14092,14150,14175,14203,14251,14269,14305,14336,14366,14389,14423,14456,14499,14519,14562,14598,14626,14660,14714,14770,14873,15039,15318,15515,15761,16058,16346,16670,17002,17399,17665,17945,18265,18706,19077,19400,19699
,Kosovo,42.602636,20.902977,3886,4100,4307,4512,4715,4931,5118,5237,5369,5472,5617,5735,5877,6045,6286,6467,6680,6917,7137,7413,7652,7846,8104,8104,8104,8799,9049,9274,9274,9688,9869,9869,9869,10419,10419,10419,10795,11130,11275,11275,11275,11545,11545,11545,12168,12168,12448,12448,12683,12683,12683,12683,12683
,Kuwait,29.31166,47.481766,52007,52840,53580,54058,54894,55508,56174,56877,57668,58221,58904,59204,59763,60434,61185,61872,62625,63309,63773,64379,65149,65903,66529,66957,67448,67911,68299,68774,69425,70045,70727,71199,71713,72400,73068,73785,74486,75185,75697,76205,76827,77470,78145,78767,79269,79957,80528,80960,81573,82271,82945,83578,84224
,Kyrgyzstan,41.20438,74.766098,8847,9358,9910,10410,11117,11444,11444,12282,12498,13101,24606,27143,27143,28251,28980,31247,31247,32124,32813,33296,33844,34592,35223,35805,36299,36719,37129,37541,38110,38659,39162,39571,39919,40085,40455,40759,41069,41373,41645,41856,41991,42146,42325,42507,42703,42889,43023,43126,43245,43358,43459,43587,43712
,Laos,19.85627,102.495496,19,19,19,19,19,19,19,19,19,19,19,19,19,19,19,19,20,20,20,20,20,20,20,20,20,20,20,20,20,20,20,20,20,20,20,20,20,22,22,22,22,22,22,22,22,22,22,22,22,22,22,22,22
,Latvia,56.8796,24.6032,1141,1154,1165,1173,1173,1174,1174,1178,1179,1185,1189,1192,1192,1193,1197,1203,1205,1206,1219,1219,1220,1224,1228,1231,1238,1243,1246,1249,1257,1275,1281,1288,1290,1290,1293,1303,1307,1308,1315,1322,1323,1323,1326,1327,1330,1333,1337,1337,1342,1360,1366,1375,1381
,Lebanon,33.8547,35.8623,1946,2011,2082,2168,2334,2419,2451,2542,2599,2700,2775,2859,2905,2980,3104,3260,3407,3582,3750,3882,4023,4205,4334,4555,4730,4885,5062,5062,5417,5672,5951,6223,6517,6812,7121,7413,7711,8045,8442,8881,9337,9758,10347,10952,11580,12191,12698,13155,13687,14248,14937,15613,16275
,Lesotho,-29.61,28.2336,91,134,184,184,233,245,256,256,256,311,359,359,359,359,359,359,359,419,505,505,505,576,604,604,702,718,718,726,726,742,742,742,742,781,781,798,884,884,903,903,946,946,946,996,1015,1015,1015,1015,1049,1051,1051,1051,1051
,Liberia,6.428055,-9.429499,926,957,963,998,1010,1024,1024,1056,1070,1085,1088,1091,1107,1108,1114,1117,1135,1155,1162,1167,1177,1179,1181,1186,1189,1207,1214,1216,1221,1224,1230,1234,1237,1240,1250,1252,1252,1252,1257,1257,1277,1282,1282,1284,1285,1286,1286,1290,1295,1298,1298,1298,1304
,Libya,26.3351,17.228331,1268,1342,1342,1389,1433,1512,1563,1589,1652,1704,1791,1866,1980,2088,2176,2314,2424,2547,2669,2827,3017,3222,3438,3621,3691,3837,4063,4224,4475,4879,5079,5232,5451,5929,6302,6611,7050,7327,7738,8172,8579,9068,9463,9707,10121,10437,10437,11009,11281,11834,12274,12629,12958
,Liechtenstein,47.14,9.55,84,84,84,84,84,84,84,84,84,85,86,86,86,86,86,86,86,86,86,86,87,88,88,88,88,89,89,89,89,89,89,89,89,89,89,90,90,91,91,91,94,97,98,99,99,99,99,100,102,102,105,106,107
,Lithuania,55.1694,23.8813,1854,1857,1861,1865,1869,1874,1875,1882,1902,1908,1915,1932,1947,1949,1951,1960,1986,2001,2008,2019,2027,2043,2062,2075,2093,2110,2120,2137,2147,2171,2194,2231,2252,2265,2283,2309,2330,2352,2386,2416,2436,2474,2496,2528,2564,2594,2635,2673,2694,2726,2762,2810,2839
,Luxembourg,49.8153,6.1296,4650,4719,4777,4842,4925,4956,5056,5122,5285,5409,5483,5605,5639,5725,5854,5952,6056,6189,6272,6321,6375,6533,6616,6695,6793,6855,6864,6917,7007,7073,7113,7169,7205,7216,7242,7300,7368,7405,7439,7458,7469,7499,7566,7637,7704,7762,7775,7794,7838,7928,7928,6580,6625
,MS Zaandam,0,0,9,9,9,9,9,9,9,9,9,9,9,9,9,9,9,9,9,9,9,9,9,9,9,9,9,9,9,9,9,9,9,9,9,9,9,9,9,9,9,9,9,9,9,9,9,9,9,9,9,9,9,9,9
,Madagascar,-18.766947,46.869107,3573,3782,4143,4578,4867,5080,5343,5605,6089,6467,6849,7049,7153,7548,8162,8381,8741,8866,9295,9690,10104,10317,10748,10868,11273,11528,11660,11895,12222,12526,12708,12922,13086,13202,13317,13397,13522,13643,13724,13827,13886,14009,14074,14154,14218,14277,14327,14402,14475,14554,14592,14696,14791
,Malawi,-13.2543,34.3015,1864,1942,2069,2261,2364,2430,2497,2614,2712,2805,2810,2907,2992,3045,3302,3302,3453,3453,3640,3664,3709,3738,3858,4078,4186,4231,4272,4361,4426,4491,4575,4624,4658,4674,4714,4752,4912,4988,5026,5072,5125,5193,5240,5282,5322,5382,5414,5419,5423,5474,5496,5523,5528
,Malaysia,4.210484,101.975766,8677,8683,8696,8704,8718,8725,8729,8734,8737,8755,8764,8779,8800,8815,8831,8840,8861,8884,8897,8904,8943,8956,8964,8976,8985,8999,9001,9002,9023,9038,9063,9070,9083,9094,9103,9114,9129,9149,9175,9200,9212,9219,9235,9240,9249,9257,9267,9274,9285,9291,9296,9306,9317
,Maldives,3.2028,73.2207,2517,2553,2617,2664,2731,2762,2801,2831,2899,2913,2930,2966,2999,3044,3103,3120,3175,3252,3302,3369,3506,3567,3719,3793,3949,4164,4293,4446,4594,4680,4769,4898,5041,5157,5223,5366,5494,5572,5679,5785,5909,6079,6225,6370,6564,6660,6779,6912,7047,7225,7329,7469,7578
,Mali,17.570692,-3.996166,2358,2370,2404,2406,2411,2412,2423,2433,2440,2467,2472,2475,2475,2477,2494,2494,2503,2503,2510,2513,2520,2521,2522,2535,2535,2541,2543,2543,2546,2552,2561,2565,2567,2573,2577,2582,2597,2597,2614,2640,2640,2666,2667,2667,2688,2699,2705,2708,2713,2717,2730,2736,2757
,Malta,35.9375,14.3754,673,674,674,674,674,674,674,674,674,674,675,677,677,677,679,680,686,686,700,701,708,720,814,824,845,860,874,890,926,946,995,1035,1089,1112,1141,1190,1245,1276,1348,1306,1375,1423,1470,1510,1546,1577,1612,1667,1705,1751,1788,1820,1847
,Mauritania,21.0079,-10.9408,5087,5126,5203,5275,5355,5446,5518,5564,5659,5710,5813,5873,5923,5985,6027,6067,6116,6151,6171,6208,6249,6273,6295,6310,6319,6323,6382,6418,6444,6444,6498,6510,6523,6555,6598,6622,6653,6676,6693,6701,6762,6789,6829,6848,6885,6894,6905,6928,6960,6977,6993,7012,7012
,Mauritius,-20.348404,57.552152,342,342,342,342,342,342,342,343,343,343,343,343,343,343,343,343,344,344,344,344,344,344,344,344,344,344,344,344,344,344,344,344,344,344,344,344,344,345,346,346,346,346,346,346,346,346,346,347,348,348,355,355,355
,Mexico,23.6345,-102.5528,275003,282283,289174,295268,299750,304435,311486,317635,324041,331298,338913,344224,349396,356255,362274,370712,378285,385036,390516,395489,402697,408449,416179,424637,434193,439046,443813,449961,456100,462690,469407,475902,480278,485836,492522,498380,505751,511369,517714,522162,525733,531239,537031,543806,549734,556216,560164,563705,568621,573888,579914,585738,591712
,Moldova,47.4116,28.3699,18471,18666,18924,19208,19382,19439,19708,20040,20264,20494,20794,20980,21115,21442,21798,22105,22483,22828,23034,23154,23521,23947,24343,24733,25113,25362,25482,25814,26222,26628,26990,27443,27660,27841,28223,28697,29087,29483,29905,30183,30377,30789,31415,31937,32484,33072,33478,33828,34358,34982,35546,35904,36404
,Monaco,43.7333,7.4167,108,108,108,109,109,109,109,109,109,109,109,109,109,111,112,114,116,116,116,116,117,120,120,120,120,120,121,123,125,125,128,131,133,133,138,141,144,146,146,146,148,148,148,150,154,154,154,154,154,154,154,154,154
,Mongolia,46.8625,103.8467,227,227,227,230,230,243,261,261,262,287,287,287,287,287,287,288,288,288,288,289,291,291,291,291,293,293,293,293,293,293,293,293,293,293,293,297,297,298,298,298,298,298,298,298,298,298,298,298,300,301,301,301,301
,Montenegro,42.708678,19.37439,960,1019,1019,1164,1221,1287,1287,1287,1287,1965,2072,2188,2188,2381,2472,2569,2665,2747,2799,2893,2949,3016,3016,3073,3198,3258,3301,3361,3411,3480,3549,3588,3618,3696,3748,3813,3857,3930,3960,4035,4085,4132,4174,4229,4277,4313,4343,4378,4444,4499,4558,4663,4727
,Morocco,31.7917,-7.0926,14771,15079,15328,15542,15745,15936,16097,16262,16545,16726,17015,17236,17562,17742,17962,18264,18834,19645,20278,20887,21387,22213,23259,24322,25015,25537,26196,27217,28500,29644,30662,32007,33237,34063,35195,36694,37935,39241,41017,42489,43558,44803,46313,47638,49247,50812,52349,53252,54528,55864,57085,58489,60056
,Mozambique,-18.665695,35.529562,1071,1092,1111,1135,1157,1219,1268,1330,1383,1402,1435,1491,1507,1536,1557,1582,1590,1616,1669,1701,1720,1748,1808,1864,1907,1946,1973,2029,2079,2120,2213,2241,2269,2411,2481,2559,2638,2708,2791,2855,2914,2991,3045,3115,3195,3304,3395,3440,3508,3590,3651,3697,3760
,Namibia,-22.9576,18.4904,593,615,668,668,785,861,864,960,1032,1078,1203,1247,1344,1366,1402,1522,1618,1687,1775,1843,1917,1986,2052,2129,2224,2294,2406,2470,2540,2652,2802,2802,2949,3101,3229,3406,3544,3726,3907,4154,4344,4464,4665,4912,5227,5538,5854,6030,6160,6431,6712,6906,7116
,Nepal,28.1667,84.25,16423,16531,16649,16719,16801,16945,17061,17177,17344,17445,17502,17658,17844,17994,18094,18241,18374,18483,18613,18752,19063,19273,19547,19771,20086,20332,20750,21009,21390,21750,22214,22592,22972,23310,23948,24432,24957,25551,26019,26660,27241,28257,28938,29645,30483,31117,31935,32678,33533,34418,35529,36456,37340
Aruba,Netherlands,12.5211,-69.9683,105,105,105,105,105,105,106,106,108,111,111,113,115,117,117,117,118,119,119,119,119,119,120,121,121,122,124,132,171,263,396,509,563,630,717,798,894,973,1048,1102,1121,1205,1296,1387,1464,1534,1568,1628,1670,1760,1848,1906,1975
"Bonaire, Sint Eustatius and Saba",Netherlands,12.1784,-68.2385,7,7,7,7,7,7,7,9,9,10,10,10,10,10,10,10,11,11,11,11,11,11,11,11,11,13,13,13,13,13,13,13,13,13,13,13,13,13,13,13,13,13,13,13,13,13,13,13,13,13,13,14,15
Curacao,Netherlands,12.1696,-68.99,23,25,25,25,25,25,25,26,26,28,28,28,28,28,28,28,29,29,29,29,29,29,29,29,29,29,29,29,29,31,31,31,31,32,32,32,32,32,33,34,36,36,36,36,37,39,39,47,49,53,55,62,62
Sint Maarten,Netherlands,18.0425,-63.0548,78,78,78,78,78,78,78,78,78,79,79,79,79,79,79,81,84,93,114,114,114,115,126,128,128,146,150,150,156,176,176,177,189,189,205,248,263,269,300,317,326,333,348,353,353,368,396,408,408,442,444,444,444
,Netherlands,52.1326,5.2913,50746,50798,50840,50921,51022,51093,51146,51252,51351,51454,51581,51725,51910,52073,52241,52404,52595,52732,53005,53151,53374,53621,53963,54301,54732,55098,55470,55955,56381,56982,57501,57987,58564,59194,59424,60627,61204,61840,62495,63002,63484,63973,64525,65054,65589,66097,66554,67128,67543,68114,68624,69131,69632
,New Zealand,-40.9006,174.886,1540,1542,1543,1544,1544,1545,1547,1548,1549,1550,1553,1554,1555,1555,1555,1556,1556,1556,1556,1557,1559,1560,1560,1562,1565,1567,1567,1569,1569,1569,1569,1569,1569,1570,1570,1589,1602,1609,1622,1631,1643,1649,1654,1665,1671,1674,1683,1690,1695,1702,1714,1727,1729
,Nicaragua,12.865416,-85.207229,2846,2846,2846,2846,2846,2846,3147,3147,3147,3147,3147,3147,3147,3439,3439,3439,3439,3439,3439,3439,3672,3672,3672,3672,3672,3672,3672,3902,3902,3902,3902,3902,3902,3902,4115,4115,4115,4115,4115,4115,4115,4311,4311,4311,4311,4311,4311,4311,4494,4494,4494,4494,4494
,Niger,17.607789,8.081666,1097,1097,1099,1099,1099,1099,1099,1100,1102,1102,1104,1104,1105,1113,1122,1124,1124,1124,1136,1132,1132,1132,1134,1134,1136,1147,1152,1152,1152,1153,1153,1157,1158,1158,1158,1161,1161,1161,1165,1167,1167,1167,1167,1169,1172,1172,1172,1172,1173,1173,1173,1175,1175
,Nigeria,9.082,8.6753,30249,30748,31323,31987,32558,33153,33616,34259,34854,35454,36107,36663,37225,37801,38344,38948,39539,39977,40532,41180,41804,42208,42689,43151,43537,43841,44129,44433,44890,45244,45687,46140,46577,46867,47290,47743,48116,48445,48770,49068,49485,49895,50488,50964,51304,51905,52227,52548,52800,53021,53317,53477,53727
,North Macedonia,41.6086,21.7453,7406,7572,7777,7975,8111,8197,8332,8530,8623,8786,9026,9153,9249,9412,9547,9669,9797,9934,10086,10213,10315,10503,10617,10754,10891,11054,11128,11202,11289,11399,11554,11754,11839,11942,12083,12217,12357,12515,12653,12739,12840,12970,13076,13194,13308,13458,13595,13673,13799,13914,14004,14163,14293
,Norway,60.472,8.4689,8950,8965,8974,8977,8981,8984,9001,9011,9015,9025,9028,9028,9034,9053,9059,9085,9092,9111,9117,9132,9150,9172,9208,9240,9253,9268,9334,9362,9409,9468,9551,9599,9638,9684,9751,9783,9851,9908,9965,10005,10060,10111,10162,10197,10275,10299,10323,10395,10454,10504,10542,10582,10611
,Oman,21.512583,55.923255,50207,51725,53614,54697,56015,58179,59568,61247,62574,64193,65504,66661,68400,69887,71547,72646,73791,74858,76005,77058,77904,78569,79159,79159,79159,79159,79159,79159,80286,80713,81067,81357,81580,81787,82050,82299,82531,82743,82924,83086,83226,83418,83606,83769,83769,83769,83769,84509,84652,84818,85005,85005,85005
,Pakistan,30.3753,69.3451,240848,243599,246351,248872,251625,253604,255769,257914,257914,261917,263496,265083,266096,267428,269191,270400,271887,273113,273113,274289,275225,276288,277402,278305,278305,279699,280461,280461,281136,281863,282645,283487,284121,284660,285191,285921,286674,287300,288047,289215,289215,289832,290445,290958,291588,292174,293261,293261,293711,294193,294638,295053,295372
,Panama,8.538,-80.7821,41251,42216,43257,44332,45633,47173,48096,49243,50373,51408,52261,53468,54426,55153,55906,56817,57993,58864,60296,61442,62223,63269,64191,65256,66383,67453,68456,69424,70231,71418,72560,73651,74492,75394,76464,77377,78446,79402,80665,81940,82543,82790,83754,83855,84392,85480,86900,87485,88381,89082,89982,90624,91337
,Papua New Guinea,-6.314993,143.95555,11,11,11,11,11,11,11,11,11,15,16,16,19,27,30,31,32,39,62,62,63,63,63,72,91,110,111,114,153,163,188,188,214,214,214,287,271,271,271,323,333,347,347,361,361,361,401,401,419,419,424,453,453
,Paraguay,-23.4425,-58.4438,2554,2638,2736,2820,2948,2980,3074,3198,3342,3457,3629,3721,3748,3817,4000,4113,4224,4328,4444,4548,4674,4866,5207,5338,5485,5644,5724,5852,6060,6375,6508,6705,6907,7234,7519,8018,8389,9022,9381,9791,10135,10606,11133,11817,12536,12974,13233,13602,14228,14872,15290,15873,16474
,Peru,-9.19,-75.0152,312911,316448,319646,322710,326326,330123,333867,337751,341586,345537,349500,353590,357681,362087,366550,371096,375961,375961,375961,389717,395005,400683,400683,407492,407492,428850,433100,439890,447624,455409,463875,463875,478024,483133,489680,489680,498555,516296,516296,525803,535946,541493,549321,558420,567059,576067,585236,594326,600438,607382,613378,621997,629961
,Philippines,12.879721,121.774017,50359,51754,52914,54222,56259,57006,57545,58850,61266,63001,65304,67456,68898,70764,72269,74390,76444,78412,80448,82040,83673,85486,89374,93354,98232,103185,106330,112593,115980,119460,122754,126885,129913,136638,139538,143749,147526,153660,157918,161253,164474,169213,173774,178022,182365,187249,189601,194252,197164,202361,205581,209544,213131
,Poland,51.9194,19.1451,36689,36951,37216,37521,37891,38190,38457,38721,39054,39407,39746,40104,40383,40782,41162,41580,42038,42622,43065,43402,43904,44416,45031,45688,46346,46894,47469,48149,48789,49515,50324,51167,51791,52410,52961,53676,54487,55319,56090,56684,57279,57876,58611,59378,60281,61181,61762,62310,63073,63802,64689,65480,66239
,Portugal,39.3999,-8.2245,44859,45277,45679,46221,46512,46818,47051,47426,47765,48077,48390,48636,48771,48898,49150,49379,49692,49955,50164,50299,50410,50613,50868,51072,51310,51463,51569,51681,51848,52061,52351,52537,52668,52825,52945,53223,53548,53783,53981,54102,54234,54448,54701,54992,55211,55452,55597,55720,55912,56274,56673,57074,57448
,Qatar,25.3548,51.1839,101553,102110,102630,103128,103598,104016,104533,104983,105477,105898,106308,106648,107037,107430,107871,108244,108638,109036,109305,109597,109880,110153,110460,110695,110911,111107,111322,111538,111805,112092,112383,112650,112947,113262,113646,113938,114281,114532,114809,115080,115368,115661,115956,116224,116481,116765,117008,117266,117498,117742,117988,118196,118407
,Romania,45.9432,24.9668,30175,30789,31381,32079,32535,32948,33585,34226,35003,35802,36691,37458,38139,39133,40163,41275,42394,43678,44798,45902,47053,48235,49591,50886,52111,53186,54009,55241,56550,57895,59273,60623,61768,62547,63762,65177,66631,68046,69374,70461,71194,72208,73617,74963,76355,77544,78505,79330,80390,81646,83150,84468,85833
,Russia,61.52401,105.318756,699749,706240,712863,719449,726036,732547,738787,745197,751612,758001,764215,770311,776212,782040,787890,793720,799499,805332,811073,816680,822060,827509,832993,838461,843890,849277,854641,859762,864948,870187,875378,880563,885718,890799,895691,900745,905762,910778,915808,920719,925558,930276,935066,939833,944671,949531,954328,959016,963655,968297,972972,977730,982573
,Rwanda,-1.9403,29.8739,1194,1210,1252,1299,1337,1378,1416,1435,1473,1485,1539,1582,1629,1655,1689,1710,1729,1752,1821,1879,1926,1963,1994,2022,2042,2062,2092,2099,2104,2111,2128,2134,2140,2152,2171,2189,2200,2293,2352,2453,2540,2577,2644,2717,2780,2889,3089,3306,3537,3625,3672,3742,3843
,Saint Kitts and Nevis,17.357822,-62.782998,16,16,17,17,17,17,17,17,17,17,17,17,17,17,17,17,17,17,17,17,17,17,17,17,17,17,17,17,17,17,17,17,17,17,17,17,17,17,17,17,17,17,17,17,17,17,17,17,17,17,17,17,17
,Saint Lucia,13.9094,-60.9789,22,22,22,22,22,22,22,22,23,23,23,23,23,23,23,24,24,24,24,24,24,24,25,25,25,25,25,25,25,25,25,25,25,25,25,25,25,25,25,25,25,26,26,26,26,26,26,26,26,26,26,26,26
,Saint Vincent and the Grenadines,12.9843,-61.2872,29,29,29,29,35,35,35,35,35,35,38,44,50,50,52,52,52,52,52,52,52,52,52,54,54,55,55,55,56,56,56,56,57,57,57,57,57,57,57,57,58,58,58,58,58,58,58,58,58,58,60,60,60
,San Marino,43.9424,12.4578,698,699,699,699,699,699,699,699,699,699,699,699,699,699,699,699,699,699,699,699,699,699,699,699,699,699,699,699,699,699,699,699,699,699,699,699,699,699,699,699,699,702,704,704,704,704,704,704,710,710,710,710,710
,Sao Tome and Principe,0.1864,6.6131,724,726,727,727,729,732,732,737,740,741,743,746,746,746,747,749,860,862,863,865,867,868,870,871,874,874,874,875,878,878,878,878,878,878,881,882,883,885,885,885,885,885,885,888,891,892,892,892,892,892,894,895,895
,Saudi Arabia,23.885942,45.079162,220144,223327,226486,229480,232259,235111,237803,240474,243238,245851,248416,250920,253349,255825,258156,260394,262772,264973,266941,268934,270831,272590,274219,275905,277478,278835,280093,281456,282824,284226,285793,287262,288690,289947,291468,293037,294519,295902,297315,298542,299914,301323,302686,303973,305186,306370,307479,308654,309768,310836,311855,312924,313911
,Senegal,14.4974,-14.4524,7657,7784,7882,8014,8135,8198,8243,8369,8481,8544,8669,8810,8948,8985,9121,9266,9422,9552,9681,9764,9805,9961,10106,10232,10284,10344,10386,10432,10538,10715,10887,11003,11175,11312,11380,11587,11740,11872,12032,12162,12237,12305,12446,12559,12689,12850,12949,13013,13056,13186,13294,13384,13456
,Serbia,44.0165,21.0059,17076,17342,17728,18073,18360,18639,18983,19334,19717,20109,20498,20894,21253,21605,22031,22443,22852,22852,23730,24141,24520,24892,25213,25552,25882,26193,26451,26738,27033,27332,27608,27863,28099,28262,28497,28751,28998,29233,29471,29682,29782,29890,30048,30209,30378,30548,30657,30714,30820,30974,31099,31207,31282
,Seychelles,-4.6796,55.492,91,94,100,100,100,100,100,100,108,108,108,108,108,108,108,108,108,114,114,114,114,114,114,114,114,114,114,114,126,126,126,126,126,126,127,127,127,127,127,127,127,127,132,132,132,132,132,132,136,136,136,136,136
,Sierra Leone,8.460555,-11.779889,1584,1598,1613,1618,1635,1642,1651,1668,1678,1688,1701,1711,1711,1727,1731,1752,1765,1768,1783,1783,1786,1803,1818,1823,1823,1843,1848,1855,1860,1877,1887,1895,1916,1917,1932,1937,1940,1947,1954,1956,1956,1959,1961,1969,1972,1980,1992,1997,2001,2003,2013,2013,2019
,Singapore,1.2833,103.8333,45298,45423,45614,45783,45961,46283,46630,46878,47126,47453,47655,47912,48035,48434,48744,49098,49375,49888,50369,50838,51197,51531,51809,52205,52512,52825,53051,53346,54254,54555,54797,54929,55104,55292,55353,55395,55497,55580,55661,55747,55838,55938,56031,56099,56216,56266,56353,56404,56435,56495,56572,56666,56717
,Slovakia,48.669,19.699,1798,1851,1870,1893,1901,1902,1908,1927,1951,1965,1976,1979,1980,2021,2058,2089,2118,2141,2179,2181,2204,2245,2265,2292,2337,2344,2354,2368,2417,2480,2523,2566,2596,2599,2615,2690,2739,2801,2855,2902,2907,2922,3022,3102,3225,3316,3356,3424,3452,3536,3626,3728,3842
,Slovenia,46.1512,14.9955,1763,1776,1793,1827,1841,1849,1859,1878,1897,1916,1940,1946,1953,1977,2006,2033,2052,2066,2082,2087,2101,2115,2139,2156,2171,2180,2181,2190,2208,2223,2233,2247,2249,2255,2272,2303,2332,2369,2401,2416,2429,2456,2493,2536,2574,2617,2651,2665,2686,2722,2755,2797,2834
,Somalia,5.152149,46.199616,3028,3038,3038,3051,3059,3072,3076,3083,3106,3106,3111,3119,3130,3135,3161,3171,3171,3178,3178,3196,3212,3212,3212,3212,3212,3220,3220,3220,3227,3227,3227,3227,3227,3227,3227,3227,3227,3250,3250,3256,3257,3257,3265,3265,3265,3269,3269,3269,3275,3275,3275,3275,3310
,South Africa,-30.5595,22.9375,224665,238339,250687,264184,276242,287796,298292,311049,324221,337594,350879,364328,373628,381798,394948,408052,421996,434200,445433,452529,459761,471123,482169,493183,503290,511485,516862,521318,529877,538184,545476,553188,559859,563598,566109,568919,572865,579140,583653,587345,589886,592144,596060,599940,603338,607045,609773,611450,613017,615701,618286,620132,622551
,South Sudan,6.877,31.307,2021,2021,2021,2021,2021,2148,2148,2153,2171,2191,2191,2200,2211,2211,2211,2239,2258,2258,2262,2305,2305,2322,2322,2322,2352,2429,2429,2437,2437,2450,2450,2463,2470,2470,2472,2477,2478,2482,2488,2489,2490,2490,2494,2494,2497,2497,2499,2504,2507,2510,2514,2518,2519
,Spain,40.463667,-3.74922,252513,253056,253908,253908,253908,255953,256619,257494,258855,260255,260255,260255,264836,266194,267551,270166,272421,272421,272421,278782,280610,282641,285430,288522,288522,288522,297054,302814,305767,309855,314362,314362,314362,322980,326612,329784,337334,342813,342813,342813,359082,364196,370867,377906,386054,386054,386054,405436,412553,419849,429507,439286,439286
,Sri Lanka,7.873054,80.771797,2094,2154,2454,2511,2617,2646,2665,2671,2687,2697,2703,2724,2730,2730,2752,2753,2764,2770,2782,2805,2810,2810,2814,2815,2815,2823,2828,2834,2839,2839,2839,2841,2844,2871,2880,2881,2882,2886,2890,2893,2900,2902,2902,2918,2941,2947,2953,2959,2971,2984,2986,2989,2995
,Sudan,12.8628,30.2176,10084,10158,10204,10250,10250,10316,10417,10527,10527,10527,10682,10992,10992,10992,11237,11237,11302,11385,11385,11424,11496,11496,11496,11644,11738,11738,11738,11780,11780,11780,11894,11894,11956,11956,12033,12033,12115,12162,12211,12314,12410,12485,12546,12582,12623,12682,12836,12903,12974,12974,13045,13082,13189
,Suriname,3.9193,-56.0278,665,694,726,741,741,780,801,837,904,943,1001,1029,1079,1131,1176,1234,1305,1381,1439,1483,1510,1607,1607,1650,1760,1849,1893,1981,2050,2096,2203,2306,2391,2489,2559,2653,2761,2838,2961,3016,3077,3216,3295,3366,3460,3569,3607,3632,3698,3724,3793,3848,3954
,Sweden,60.128161,18.643501,71747,72082,72459,72773,72879,73049,73364,73663,73936,74235,74435,74545,74676,74902,75199,75419,75681,75819,75861,75932,76215,76516,76818,77076,77379,77417,77582,77916,78341,78719,79099,79359,79432,79628,80045,80489,80851,81195,81421,81484,81658,81972,82323,82656,82954,83114,83171,83353,83578,83824,83958,83958,83958
,Switzerland,46.8182,8.2275,32498,32586,32690,32817,32883,32946,33016,33148,33290,33382,33492,33591,33634,33742,33883,34000,34154,34302,34412,34477,34609,34802,35022,35232,35412,35550,35616,35746,35927,36108,36269,36451,36603,36708,36895,37169,37403,37671,37924,38124,38252,38449,38760,39026,39332,39627,39903,40060,40262,40645,41006,41346,41722
,Syria,34.802075,38.996815,372,372,394,394,394,417,439,458,477,496,496,496,522,540,561,584,608,627,650,674,694,717,738,757,780,809,847,892,944,999,1060,1125,1188,1255,1327,1327,1432,1515,1593,1677,1764,1844,1927,2008,2073,2143,2217,2293,2365,2440,2504,2563,2628
,Taiwan*,23.7,121,449,449,449,451,451,451,451,451,451,451,451,451,451,451,455,455,458,458,458,462,467,467,467,467,474,475,474,476,476,477,477,479,477,477,480,481,481,481,482,484,485,486,486,486,487,487,487,487,487,487,487,487,488
,Tajikistan,38.861,71.2761,6364,6410,6457,6506,6552,6596,6643,6695,6741,6786,6834,6878,6921,6967,7015,7060,7104,7150,7192,7235,7276,7320,7366,7409,7451,7495,7538,7583,7625,7665,7706,7706,7745,7827,7871,7912,7950,7989,8029,8065,8099,8131,8166,8203,8241,8277,8311,8346,8379,8413,8449,8481,8516
,Tanzania,-6.369028,34.888822,509,509,509,509,509,509,509,509,509,509,509,509,509,509,509,509,509,509,509,509,509,509,509,509,509,509,509,509,509,509,509,509,509,509,509,509,509,509,509,509,509,509,509,509,509,509,509,509,509,509,509,509,509
,Thailand,15.870032,100.992541,3197,3202,3202,3216,3217,3220,3227,3232,3236,3239,3246,3250,3250,3255,3261,3279,3279,3282,3291,3297,3297,3298,3304,3310,3312,3317,3320,3321,3328,3330,3345,3348,3351,3351,3351,3356,3359,3376,3376,3378,3378,3382,3382,3389,3390,3390,3395,3402,3402,3404,3410,3411,3411
,Timor-Leste,-8.874217,125.727539,24,24,24,24,24,24,24,24,24,24,24,24,24,24,24,24,24,24,24,24,24,24,24,24,24,24,24,25,25,25,25,25,25,25,25,25,25,25,25,25,25,25,25,25,25,26,26,26,26,26,27,27,27
,Togo,8.6195,0.8248,695,704,710,710,720,721,731,740,749,766,774,778,783,790,806,828,839,853,868,874,896,896,908,941,958,961,976,988,1001,1012,1028,1046,1060,1067,1070,1092,1104,1124,1130,1147,1154,1173,1190,1212,1239,1275,1277,1295,1309,1326,1326,1365,1390
,Trinidad and Tobago,10.6918,-61.2225,133,133,133,133,133,133,133,133,133,136,137,137,137,139,141,141,142,147,147,148,153,156,164,169,173,182,182,194,199,210,225,275,279,281,300,326,404,426,497,552,588,629,686,767,864,930,1007,1099,1252,1411,1429,1554,1645
,Tunisia,33.886917,9.537499,1221,1231,1240,1245,1263,1302,1306,1319,1327,1336,1348,1374,1381,1389,1394,1406,1425,1443,1452,1455,1468,1488,1514,1535,1552,1561,1565,1584,1601,1642,1656,1678,1697,1717,1738,1780,1847,1903,2023,2107,2185,2314,2427,2543,2607,2738,2818,2893,3069,3206,3323,3461,3572
,Turkey,38.9637,35.2433,208938,209962,210965,211981,212993,214001,214993,215940,216873,217799,218717,219641,220572,221500,222402,223315,224252,225173,226100,227019,227982,228924,229891,230873,231869,232856,233851,234934,236112,237265,238450,239622,240804,241997,243180,244392,245635,246861,248117,249309,250542,251805,253108,254520,255723,257032,258249,259692,261194,262507,263998,265515,267064
,US,40,-100,3054699,3117946,3185737,3245925,3304942,3364157,3431574,3498902,3576157,3647715,3711413,3773260,3834677,3899211,3970121,4038816,4112531,4178970,4233923,4290337,4356206,4426982,4495015,4562107,4620592,4668172,4713540,4771080,4823890,4883582,4941755,4997929,5044864,5094400,5141208,5197411,5248958,5313252,5361165,5403213,5438325,5483388,5529824,5573847,5622470,5667070,5701645,5739536,5777710,5821819,5867785,5913941,5961094
,Uganda,1.373333,32.290275,977,1000,1006,1013,1025,1029,1040,1043,1051,1056,1062,1065,1069,1072,1075,1079,1089,1103,1115,1128,1135,1140,1147,1154,1176,1182,1195,1203,1213,1223,1254,1267,1283,1297,1313,1332,1353,1385,1434,1500,1560,1603,1656,1750,1848,2166,2263,2362,2426,2524,2679,2756,2847
,Ukraine,48.3794,31.1656,51457,52285,53116,53941,54647,55285,55931,56779,57640,58466,59333,60077,60767,61454,62295,63169,64173,65317,66261,67096,68030,69078,70300,71404,72609,73761,74781,75880,77169,78515,80018,81534,82767,83812,85023,86504,88136,89917,91795,93490,95007,96653,98658,100810,102948,105337,107379,109234,110949,112653,114663,117172,119751
,United Arab Emirates,23.424076,53.847818,53045,53577,54050,54453,54854,55198,55573,55848,56129,56422,56711,56922,57193,57498,57734,57988,58249,58562,58913,59177,59546,59921,60223,60506,60760,60999,61163,61352,61606,61845,62061,62300,62525,62704,62966,63212,63489,63819,64102,64312,64541,64906,65341,65802,66193,66617,67007,67282,67621,68020,68511,68901,69328
Anguilla,United Kingdom,18.2206,-63.0686,3,3,3,3,3,3,3,3,3,3,3,3,3,3,3,3,3,3,3,3,3,3,3,3,3,3,3,3,3,3,3,3,3,3,3,3,3,3,3,3,3,3,3,3,3,3,3,3,3,3,3,3,3
Bermuda,United Kingdom,32.3078,-64.7505,149,149,150,150,150,150,150,150,152,152,153,153,153,153,153,153,153,153,153,154,156,156,156,156,156,157,157,157,157,157,157,157,158,158,159,159,159,159,162,162,166,166,166,166,167,167,167,168,168,168,168,168,169
British Virgin Islands,United Kingdom,18.4207,-64.64,8,8,8,8,8,8,8,8,8,8,8,8,8,8,8,8,8,8,8,8,8,8,8,8,8,8,8,8,9,9,9,9,9,9,9,9,9,9,9,9,9,11,11,11,21,21,21,21,26,26,26,35,35
Cayman Islands,United Kingdom,19.3133,-81.2546,201,201,201,201,201,203,203,203,203,203,203,203,203,203,203,203,203,203,203,203,203,203,203,203,203,203,203,203,203,203,203,203,203,203,203,203,203,203,203,203,203,203,205,205,205,205,205,205,205,205,205,205,205
Channel Islands,United Kingdom,49.3723,-2.3644,577,577,577,577,577,581,581,581,583,583,583,583,583,583,583,583,584,584,584,584,587,587,587,587,587,587,591,595,596,597,597,597,597,599,599,603,603,607,607,607,609,609,613,613,614,614,614,616,620,623,623,625,625
Falkland Islands (Malvinas),United Kingdom,-51.7963,-59.5236,13,13,13,13,13,13,13,13,13,13,13,13,13,13,13,13,13,13,13,13,13,13,13,13,13,13,13,13,13,13,13,13,13,13,13,13,13,13,13,13,13,13,13,13,13,13,13,13,13,13,13,13,13
Gibraltar,United Kingdom,36.1408,-5.3536,179,180,180,180,180,180,180,180,180,180,180,180,180,180,182,184,184,185,185,185,186,186,187,187,188,188,188,189,189,190,190,197,201,201,202,203,205,206,209,215,217,222,223,229,231,239,246,248,256,270,272,274,275
Isle of Man,United Kingdom,54.2361,-4.5481,336,336,336,336,336,336,336,336,336,336,336,336,336,336,336,336,336,336,336,336,336,336,336,336,336,336,336,336,336,336,336,336,336,336,336,336,336,336,336,336,336,336,336,336,336,336,336,336,336,336,336,336,336
Montserrat,United Kingdom,16.742498,-62.187366,11,11,11,12,12,12,12,12,12,12,12,12,12,12,12,12,12,12,12,12,12,12,12,12,12,13,13,13,13,13,13,13,13,13,13,13,13,13,13,13,13,13,13,13,13,13,13,13,13,13,13,13,13
Turks and Caicos Islands,United Kingdom,21.694,-71.7979,55,55,66,71,71,72,72,72,74,74,75,75,81,81,82,90,90,92,97,99,99,104,104,107,114,116,116,116,129,141,170,170,216,216,216,241,258,274,298,298,298,315,327,334,347,383,383,383,383,464,482,490,490
,United Kingdom,55.3781,-3.436,286979,287621,288133,288953,289603,290133,291373,291911,292552,293239,294066,294792,295372,295817,296377,297146,297914,298681,299426,300111,300658,301455,302301,303181,303942,304685,305623,306293,307184,308134,309005,309763,310825,311641,312789,313798,314927,316367,317379,318484,319197,320286,321098,322280,323313,324601,325642,326614,327798,328846,330368,331644,332752
,Uruguay,-32.5228,-55.7658,974,977,985,986,987,989,997,1009,1026,1037,1044,1054,1064,1096,1117,1141,1166,1174,1192,1202,1218,1237,1243,1264,1278,1286,1291,1300,1309,1318,1325,1335,1353,1364,1385,1393,1409,1421,1434,1440,1457,1485,1493,1506,1516,1521,1527,1533,1536,1543,1551,1556,1570
,Uzbekistan,41.377491,64.585262,11092,11564,12027,12513,12997,13591,14085,14581,15066,15607,16186,16752,17149,17881,18379,18986,19360,19952,20531,21209,21699,22585,23271,24009,24783,25336,26066,27047,27793,28315,29057,29652,30609,31304,31747,32654,33323,33821,34528,35329,35702,36352,37112,37547,38074,38532,38946,39348,39641,39964,40447,40720,41067
,Venezuela,6.4238,-66.5897,8008,8372,8803,9178,9465,9707,10010,10428,10854,11191,11483,11891,12334,12774,13164,13613,14263,14929,15463,15988,16571,17158,17859,18574,19443,20206,20754,21438,22299,23280,24166,24961,25805,26800,27938,29088,30369,31381,32607,33755,34802,35697,36868,37567,38219,38957,39564,40338,41158,41965,42898,43879,44946
,Vietnam,14.058324,108.277199,369,369,370,370,372,373,373,381,381,382,382,383,384,401,408,412,415,417,420,431,446,459,509,558,590,621,652,672,717,750,789,812,841,847,866,883,911,930,951,964,983,989,994,1007,1009,1014,1016,1022,1029,1034,1036,1038,1040
,West Bank and Gaza,31.9522,35.2332,5029,5220,5551,5931,6230,6566,6764,7064,7412,7764,8204,8549,8916,9228,9398,9744,10093,10306,10469,10621,10938,11284,11548,11837,12160,12297,12541,12770,13065,13398,13722,13928,14208,14510,14875,15184,15491,15834,16153,16534,16844,17306,17606,17989,18313,18476,18802,19213,19678,20155,20677,21251,21668
,Western Sahara,24.2155,-12.8858,10,10,10,10,10,10,10,10,10,10,10,10,10,10,10,10,10,10,10,10,10,10,10,10,10,10,10,10,10,10,10,10,10,10,10,10,10,10,10,10,10,10,10,10,10,10,10,10,10,10,10,10,10
,Yemen,15.552727,48.516388,1318,1356,1380,1389,1465,1498,1516,1526,1552,1576,1581,1606,1619,1629,1640,1654,1674,1674,1681,1691,1703,1711,1726,1728,1730,1734,1734,1760,1763,1768,1796,1797,1804,1832,1831,1841,1847,1858,1858,1869,1882,1889,1892,1899,1906,1907,1911,1916,1924,1930,1933,1943,1946
,Zambia,-13.133897,27.849332,1895,1895,1895,1895,1895,1895,1895,1895,1895,2810,2980,2980,3326,3386,3583,3789,3856,4328,4481,4552,5002,5249,5555,5963,6228,6347,6580,6793,7022,7164,7486,7903,8085,8210,8275,8501,8663,9021,9186,9343,9839,9981,10218,10372,10627,10831,11082,11148,11285,11376,11601,11779,11902
,Zimbabwe,-19.015438,29.154857,885,885,942,982,985,1034,1064,1089,1362,1420,1478,1611,1713,1820,2034,2124,2296,2434,2512,2704,2817,2879,3092,3169,3659,3921,4075,4221,4221,4339,4451,4575,4649,4748,4818,4893,4990,5072,5176,5261,5308,5378,5643,5745,5815,5893,5930,6070,6196,6251,6292,6388,6406
